<?xml version="1.0" encoding="UTF-8"?>
<project-private xmlns="http://www.netbeans.org/ns/project-private/1">
    <editor-bookmarks xmlns="http://www.netbeans.org/ns/editor-bookmarks/2" lastBookmarkId="1">
        <file>
            <url>src/edu/ub/prog2/RasJimenezBlai/model/TaulaFitxers.java</url>
            <bookmark id="1">
                <name/>
                <line>13</line>
                <key/>
            </bookmark>
        </file>
    </editor-bookmarks>
    <open-files xmlns="http://www.netbeans.org/ns/projectui-open-files/2">
        <group>
            <file>file:/C:/Blai/Enginyeria%20Informàtica/1r%20Carrera/2n%20Trim/Prog%202/Pràctiques/4rta%20Entrega/RasJimenezBlai_L4/Codi/RasJimenezBlai/src/edu/ub/prog2/RasJimenezBlai/vista/AplicacioUB4.java</file>
            <file>file:/C:/Blai/Enginyeria%20Informàtica/1r%20Carrera/2n%20Trim/Prog%202/Pràctiques/4rta%20Entrega/RasJimenezBlai_L4/Codi/RasJimenezBlai/src/edu/ub/prog2/RasJimenezBlai/controlador/Controlador.java</file>
            <file>file:/C:/Blai/Enginyeria%20Informàtica/1r%20Carrera/2n%20Trim/Prog%202/Pràctiques/4rta%20Entrega/RasJimenezBlai_L4/Codi/RasJimenezBlai/src/edu/ub/prog2/RasJimenezBlai/model/CarpetaFitxers.java</file>
            <file>file:/C:/Blai/Enginyeria%20Informàtica/1r%20Carrera/2n%20Trim/Prog%202/Pràctiques/4rta%20Entrega/RasJimenezBlai_L4/Codi/RasJimenezBlai/src/edu/ub/prog2/RasJimenezBlai/controlador/EscoltadorReproduccio.java</file>
            <file>file:/C:/Blai/Enginyeria%20Informàtica/1r%20Carrera/2n%20Trim/Prog%202/Pràctiques/4rta%20Entrega/RasJimenezBlai_L4/Codi/RasJimenezBlai/src/edu/ub/prog2/RasJimenezBlai/model/Dades.java</file>
        </group>
    </open-files>
</project-private>
